{"cameraMode":{"drawMode":0,"name":"Shaded","section":"Shading Mode"},"sceneLighting":true,"audioPlay":false,"sceneViewState":{"m_AlwaysRefresh":false,"showFog":true,"showSkybox":true,"showFlares":true,"showImageEffects":true,"showParticleSystems":true,"showVisualEffectGraphs":true,"m_FxEnabled":true},"in2DMode":false,"pivot":{"x":-3.6704726219177248,"y":-0.7259836792945862,"z":7.830207347869873},"rotation":{"x":-0.0629567950963974,"y":0.00841912254691124,"z":-0.00047648028703406453,"w":-0.9979989528656006},"size":12.124356269836426,"orthographic":false}